{"cameraMode":{"drawMode":0,"name":"Shaded","section":"Shading Mode"},"sceneLighting":true,"audioPlay":false,"sceneViewState":{"showFog":true,"showMaterialUpdate":true,"showSkybox":true,"showFlares":true,"showImageEffects":false,"showParticleSystems":true,"showVisualEffectGraphs":true,"m_FxEnabled":true},"in2DMode":false,"pivot":{"x":8.440709114074707,"y":-4.330300331115723,"z":-0.1634688824415207},"rotation":{"x":-0.008831818588078022,"y":0.19050580263137818,"z":-0.0017232936806976796,"w":-0.9815942049026489},"size":0.03300037607550621,"orthographic":false}