{"cameraMode":{"drawMode":0,"name":"Shaded","section":"Shading Mode"},"sceneLighting":true,"audioPlay":false,"sceneViewState":{"showFog":true,"showMaterialUpdate":true,"showSkybox":true,"showFlares":true,"showImageEffects":false,"showParticleSystems":true,"showVisualEffectGraphs":true,"m_FxEnabled":true},"in2DMode":false,"pivot":{"x":8.221288681030274,"y":-4.157299995422363,"z":2.0385820865631105},"rotation":{"x":-0.20504844188690186,"y":0.10790839046239853,"z":-0.022709187120199205,"w":-0.9724801182746887},"size":0.3478720486164093,"orthographic":false}