{"cameraMode":{"drawMode":0,"name":"Shaded","section":"Shading Mode"},"sceneLighting":true,"audioPlay":false,"sceneViewState":{"showFog":true,"showMaterialUpdate":true,"showSkybox":true,"showFlares":true,"showImageEffects":false,"showParticleSystems":true,"showVisualEffectGraphs":true,"m_FxEnabled":true},"in2DMode":false,"pivot":{"x":8.228738784790039,"y":-4.328920364379883,"z":0.47811442613601687},"rotation":{"x":-0.06759238988161087,"y":0.13822798430919648,"z":-0.009418729692697525,"w":-0.9879961609840393},"size":0.3478720486164093,"orthographic":false}