{"cameraMode":{"drawMode":0,"name":"Shaded","section":"Shading Mode"},"sceneLighting":true,"audioPlay":false,"sceneViewState":{"showFog":true,"showMaterialUpdate":true,"showSkybox":true,"showFlares":true,"showImageEffects":false,"showParticleSystems":true,"showVisualEffectGraphs":true,"m_FxEnabled":true},"in2DMode":false,"pivot":{"x":22.669450759887697,"y":0.3810843527317047,"z":-3.119216203689575},"rotation":{"x":-0.07221217453479767,"y":-0.7889792919158936,"z":0.09459821879863739,"w":-0.6026585698127747},"size":0.03361915424466133,"orthographic":false}