{"cameraMode":{"drawMode":0,"name":"Shaded","section":"Shading Mode"},"sceneLighting":true,"audioPlay":false,"sceneViewState":{"showFog":true,"showMaterialUpdate":true,"showSkybox":true,"showFlares":true,"showImageEffects":false,"showParticleSystems":true,"showVisualEffectGraphs":true,"m_FxEnabled":true},"in2DMode":false,"pivot":{"x":13.621253967285157,"y":0.40858209133148196,"z":9.435554504394532},"rotation":{"x":0.03610575944185257,"y":0.48472529649734499,"z":-0.02002059482038021,"w":0.8735495209693909},"size":11.57875919342041,"orthographic":false}