{"cameraMode":{"drawMode":0,"name":"Shaded","section":"Shading Mode"},"sceneLighting":true,"audioPlay":false,"sceneViewState":{"showFog":true,"showMaterialUpdate":true,"showSkybox":true,"showFlares":true,"showImageEffects":false,"showParticleSystems":true,"showVisualEffectGraphs":true,"m_FxEnabled":true},"in2DMode":false,"pivot":{"x":-4.321084022521973,"y":-2.2841360569000246,"z":0.3096480965614319},"rotation":{"x":-0.13450928032398225,"y":0.11221335828304291,"z":-0.015291000716388226,"w":-0.9843490123748779},"size":0.03361915424466133,"orthographic":false}